<?xml version="1.0" encoding="UTF-8" standalone="yes"?>
<addon id="repository.mascararepo" name="[COLOR lime]mascararepo[/COLOR] Repo" version="0.0.1" provider-name="jhonata">
    <extension point="xbmc.addon.repository" name="mascararepo">
        <info>https://raw.githubusercontent.com/jhonata192/mascararepo/blob/master/Repositorio/addons.xml</info>
        <checksum>https://raw.githubusercontent.com/jhonata192/mascararepo/blob/master/Repositorio/addons.xml.md5</checksum>
        <datadir zip="true">https://raw.githubusercontent.com/jhonata192/mascararepo/blob/master/Repositorio/</datadir>
    </extension>
    <extension point="xbmc.addon.metadata">
        <summary>oficial</summary>
        <description></description>
        <disclaimer></disclaimer>
        <platform>all</platform>
    </extension>
</addon>
